{
    "a":[
        63.966667,
        10.216667
    ],
    "adalsbruk":[
        60.783333,
        11.3
    ],
    "agotnes":[
        60.406111,
        5.018889
    ],
    "al":[
        60.633333,
        8.566667
    ],
    "alta":[
        69.966667,
        23.241667
    ],
    "alvdal":[
        62.116667,
        10.65
    ],
    "alvik":[
        60.416667,
        6.366667
    ],
    "amli":[
        58.45,
        8.333333
    ],
    "amot":[
        59.583333,
        8.0
    ],
    "andenes":[
        69.320278,
        16.142778
    ],
    "andselv":[
        69.066667,
        18.566667
    ],
    "aneby":[
        60.083333,
        10.866667
    ],
    "aras":[
        60.778056,
        4.933056
    ],
    "ardalstangen":[
        61.233333,
        7.716667
    ],
    "arnes":[
        60.15,
        11.466667
    ],
    "aros":[
        59.703056,
        10.513611
    ],
    "aroysund":[
        59.180556,
        10.455
    ],
    "as":[
        59.666667,
        10.8
    ],
    "asgardstrand":[
        59.348889,
        10.4675
    ],
    "ask":[
        60.083333,
        11.033333
    ],
    "askim":[
        59.583333,
        11.166667
    ],
    "askoy":[
        60.4,
        5.183333
    ],
    "aukra":[
        62.783333,
        6.9
    ],
    "aurdal":[
        60.933333,
        9.4
    ],
    "bagn":[
        60.816667,
        9.566667
    ],
    "balestrand":[
        61.2,
        6.533333
    ]
}